{
    "train": {
        "accuracy": 0.7495599985122681
    },
    "val": {
        "accuracy": 0.8004000186920166
    },
    "step": 1
}
