{
    "train": {
        "accuracy": 0.8835200071334839
    },
    "val": {
        "accuracy": 0.8896999955177307
    }
}
