{
    "train": {
        "loss": 0.7122271060943604,
        "accuracy": 0.7539799809455872
    },
    "eval": {
        "loss": 0.8033091425895691,
        "accuracy": 0.7236999869346619
    },
    "step": 0
}
