step	accuracy
0	0.6474800109863281
0	0.7996199727058411
0	0.8460000157356262
0	0.8674399852752686
0	0.8835200071334839
