step	accuracy
0	0.5998600125312805
1	0.7495599985122681
